id,season,city,date,team1,team2,winner
1,2017,Hyderabad,2017-04-05,Sunrisers Hyderabad,Royal Challengers Bangalore,Sunrisers Hyderabad
2,2017,Pune,2017-04-06,Mumbai Indians,Rising Pune Supergiant,Rising Pune Supergiant
3,2017,Rajkot,2017-04-07,Gujarat Lions,Kolkata Knight Riders,Kolkata Knight Riders
4,2017,Indore,2017-04-08,Rising Pune Supergiant,Punjab Kings,Punjab Kings
5,2017,Bangalore,2017-04-08,Royal Challengers Bangalore,Delhi Capitals,Royal Challengers Bangalore
6,2017,Hyderabad,2017-04-09,Gujarat Lions,Sunrisers Hyderabad,Sunrisers Hyderabad
7,2017,Mumbai,2017-04-09,Kolkata Knight Riders,Mumbai Indians,Mumbai Indians
8,2017,Pune,2017-04-10,Punjab Kings,Rising Pune Supergiant,Punjab Kings
9,2017,Mumbai,2017-04-11,Sunrisers Hyderabad,Mumbai Indians,Mumbai Indians
10,2017,Kolkata,2017-04-12,Kolkata Knight Riders,Kings XI Punjab,Kolkata Knight Riders
11,2017,Bangalore,2017-04-13,Royal Challengers Bangalore,Mumbai Indians,Mumbai Indians
12,2017,Rajkot,2017-04-14,Gujarat Lions,Rising Pune Supergiant,Rising Pune Supergiant
13,2017,Kolkata,2017-04-15,Kolkata Knight Riders,Sunrisers Hyderabad,Kolkata Knight Riders
14,2017,Delhi,2017-04-15,Punjab Kings,Delhi Capitals,Delhi Capitals
15,2017,Mumbai,2017-04-16,Gujarat Lions,Mumbai Indians,Gujarat Lions
16,2017,Delhi,2017-04-17,Royal Challengers Bangalore,Delhi Capitals,Royal Challengers Bangalore
17,2017,Kolkata,2017-04-18,Sunrisers Hyderabad,Kolkata Knight Riders,Kolkata Knight Riders
18,2017,Pune,2017-04-19,Delhi Capitals,Rising Pune Supergiant,Delhi Capitals
19,2017,Rajkot,2017-04-20,Rajasthan Royals,Gujarat Lions,Gujarat Lions
20,2017,Hyderabad,2017-04-21,Punjab Kings,Sunrisers Hyderabad,Sunrisers Hyderabad
