Restaurant,City,Cuisines,Average Cost for two,Aggregate Rating,Votes
Spice Hub,Ahmedabad,Indian,500,4.2,210
Pizza Point,Mumbai,Italian,700,4.0,180
Curry House,Delhi,Indian,450,3.8,145
Dragon Bowl,Bengaluru,Chinese,600,4.5,320
Burger Cafe,Pune,Fast Food,350,3.6,95
South Spice,Ahmedabad,South Indian,400,4.1,160
Tandoori Tales,Delhi,Indian,650,4.4,275
Pasta Street,Mumbai,Italian,800,4.3,240
Biryani House,Bengaluru,Biryani,550,3.9,130
Cafe Aroma,Pune,Cafe,450,4.0,110
Urban Dosa,Ahmedabad,South Indian,300,3.7,85
Momos Corner,Delhi,Chinese,500,4.2,190
